datetime,title,sku_woocommerce,ref.,price_eur,stock
2026-07-13 19:38:42,Omega Speedmaster ref 105.003,105.003,105.003,9990.0,En stock
2026-07-13 19:38:42,Omega Speedmaster ref 145.022,145.022,145.022,8490.0,En stock
2026-07-13 19:38:42,Omega Speedmaster Digital Quartz ref 186.0004,186.0004,186.0004,3290.0,En stock
2026-07-25 20:09:24,Omega Speedmaster Digital Quartz ref 186.0004,186.0004,186.0004,3290.0,Vendu (retiré du site)
2026-08-04 17:19:44,Omega Constellation ref 168.0056,168.0056,168.0056,1990.0,En stock
2026-08-04 17:19:44,Omega Seamaster ref 166.032,166.032-67,166.032,1690.0,En stock
2026-08-04 17:19:44,Omega Seamaster ref 166.032,166.032,166.032,2190.0,En stock
2026-08-04 17:19:44,Omega DeVille Carrée,511.0475,N/A,1190.0,En stock
2026-08-04 17:19:44,Omega Chronomètre 2367,2792,2367,3990.0,En stock
2026-08-22 09:00:04,Omega Constellation ref 168.015,168.015,168.015,1990.0,En stock
2026-08-23 09:00:08,Omega Speedmaster ref 329.30.43.51.03.001,329.30.43.51.03.001,329.30.43.51.03.001,6490.0,En stock
2026-08-23 09:00:08,Omega Seamaster ref 2849,2761-762,2849,1790.0,En stock
2026-08-23 09:00:08,Omega Seamaster ref 2761,2761,2761,1990.0,En stock
2026-08-23 09:00:08,Omega Constellation ref 14900,14900,14900,2290.0,En stock
2026-08-28 09:00:03,Omega Seamaster ref 166.032,166.032-67,166.032,1690.0,Vendu (retiré du site)
2026-09-05 09:00:03,Omega Constellation Chronograph Co-Axial REF 1519.51.00,1519.51.00,1519.51.00,3900.0,En stock
2026-09-20 09:00:03,Omega Seamaster ref 2849,2761-762,2849,1790.0,Vendu (retiré du site)
2026-10-02 09:00:04,Omega Speedmaster ref 329.30.43.51.03.001,329.30.43.51.03.001,329.30.43.51.03.001,6490.0,Vendu (retiré du site)
2026-10-04 09:00:03,Omega Constellation ref 168.0056,168.0056,168.0056,1990.0,Vendu (retiré du site)
2026-10-04 09:00:03,Omega DeVille Carrée,511.0475,N/A,1190.0,Vendu (retiré du site)
2026-10-04 09:00:03,Omega Constellation ref 168.015,168.015,168.015,1990.0,Vendu (retiré du site)
